id,first_name,last_name,email,gender,ip_address
1,Clary,Maylour,cmaylour0@artisteer.com,Female,239.137.134.155
2,Dion,McMeekan,dmcmeekan1@tinyurl.com,Male,136.43.112.4
3,Daniel,Thornton-Dewhirst,dthorntondewhirst2@howstuffworks.com,Male,153.131.182.4
4,Koren,Hakking,khakking3@cpanel.net,Female,145.140.8.191
5,Vasily,Gradley,vgradley4@ameblo.jp,Male,140.161.111.79
6,Andonis,Banisch,abanisch5@noaa.gov,Male,210.68.35.106
7,Gabriel,Kennagh,gkennagh6@earthlink.net,Male,20.129.184.79
8,Bert,Peracco,bperacco7@nifty.com,Non-binary,76.6.26.130
9,Jodie,Cerman,jcerman8@whitehouse.gov,Female,166.139.138.112
10,Gerianne,Forder,gforder9@domainmarket.com,Female,22.66.22.201
11,Dallon,Pattullo,dpattulloa@oakley.com,Male,130.86.1.1
12,Stanislaus,Klima,sklimab@cdc.gov,Male,90.4.90.102
13,Emma,Beedham,ebeedhamc@zdnet.com,Genderqueer,170.111.26.118
14,Edee,Anthona,eanthonad@posterous.com,Female,198.224.200.2
15,Tiler,Aspital,taspitale@mozilla.com,Male,125.223.157.17
16,Akim,Nares,anaresf@sfgate.com,Male,63.80.248.68
17,Debra,Buckie,dbuckieg@youku.com,Female,105.215.82.37
18,Kath,Morkham,kmorkhamh@chicagotribune.com,Female,164.157.49.134
19,Miner,Trembey,mtrembeyi@yelp.com,Male,123.210.182.89
20,Billie,Bubear,bbubearj@booking.com,Male,50.47.141.124
21,Galen,Rowlson,growlsonk@yahoo.com,Male,61.219.87.150
22,Jeni,Rockall,jrockalll@ycombinator.com,Female,4.61.143.20
23,Robin,Higgan,rhigganm@army.mil,Male,243.56.237.255
24,Hobard,Akess,hakessn@dyndns.org,Male,41.183.109.192
25,Lew,Royden,lroydeno@narod.ru,Male,104.86.180.79
26,Ferdinanda,Wych,fwychp@house.gov,Female,194.131.232.191
27,Edgard,Wooler,ewoolerq@tumblr.com,Male,146.128.4.13
28,Alidia,Cordie,acordier@photobucket.com,Female,232.101.173.145
29,Deerdre,Winterbotham,dwinterbothams@parallels.com,Female,77.121.39.40
30,Kerwin,Phillot,kphillott@elegantthemes.com,Male,214.156.220.218
31,Amby,Swanne,aswanneu@4shared.com,Male,86.106.71.225
32,Burt,Elfe,belfev@globo.com,Male,144.48.152.234
33,Lauryn,Blackeby,lblackebyw@bloomberg.com,Female,42.156.141.140
34,Izak,Delacoste,idelacostex@chronoengine.com,Male,52.79.147.161
35,Jemmy,Storie,jstoriey@timesonline.co.uk,Female,240.38.120.35
36,Torrey,Mandel,tmandelz@yale.edu,Male,104.207.144.51
37,Jane,Blowin,jblowin10@skyrock.com,Female,1.186.233.199
38,Ibby,Gilfoyle,igilfoyle11@patch.com,Female,186.133.73.40
39,Danica,Jeskin,djeskin12@infoseek.co.jp,Female,47.65.30.184
40,Cassy,Rennock,crennock13@microsoft.com,Female,50.62.72.157
41,Conny,Grinsdale,cgrinsdale14@youtu.be,Male,100.59.64.147
42,Gale,Goundry,ggoundry15@miibeian.gov.cn,Bigender,235.194.144.116
43,Averyl,Howe,ahowe16@angelfire.com,Female,237.153.201.153
44,Petrina,oldey,poldey17@webeden.co.uk,Female,29.91.26.177
45,Gloria,Frossell,gfrossell18@mit.edu,Female,137.88.28.228
46,Amabel,Lyford,alyford19@sakura.ne.jp,Female,219.84.165.241
47,Gwenni,Tilley,gtilley1a@marriott.com,Polygender,61.95.205.87
48,Urban,Clandillon,uclandillon1b@usatoday.com,Male,28.220.49.218
49,Aldin,Sember,asember1c@hibu.com,Male,214.240.175.172
50,Erena,Crutcher,ecrutcher1d@shop-pro.jp,Female,154.75.143.192
51,Andeee,Stansbury,astansbury1e@tripadvisor.com,Female,17.253.168.168
52,Vicky,Nolleth,vnolleth1f@deliciousdays.com,Female,83.194.135.48
53,Randene,Linne,rlinne1g@webs.com,Female,125.114.236.101
54,Demetra,Mendez,dmendez1h@geocities.jp,Female,170.166.159.73
55,Toddie,Erie,terie1i@businesswire.com,Male,227.222.206.131
56,Bambie,Caret,bcaret1j@posterous.com,Female,155.151.236.198
57,Fannie,McSporon,fmcsporon1k@jugem.jp,Female,208.79.54.193
58,Romy,Trimbey,rtrimbey1l@fema.gov,Non-binary,111.78.200.141
59,Kalvin,Desesquelle,kdesesquelle1m@constantcontact.com,Male,10.116.138.232
60,Kerr,Jee,kjee1n@unblog.fr,Male,185.129.121.193
61,Albert,Maclaine,amaclaine1o@macromedia.com,Male,41.39.172.32
62,Rosemary,Zanussii,rzanussii1p@ucsd.edu,Female,49.32.159.185
63,Gayel,Ailmer,gailmer1q@chronoengine.com,Female,202.74.94.132
64,Laurice,Gehrels,lgehrels1r@twitter.com,Female,54.18.7.2
65,Mame,Hellard,mhellard1s@go.com,Female,97.254.156.3
66,Emogene,Leversha,eleversha1t@psu.edu,Female,113.40.100.178
67,Didi,Howson,dhowson1u@vinaora.com,Female,53.126.64.250
68,Nat,Duberry,nduberry1v@house.gov,Male,222.136.204.207
69,Munmro,Louden,mlouden1w@virginia.edu,Male,103.171.22.68
70,Hussein,Feavers,hfeavers1x@issuu.com,Male,130.54.46.23
71,Sawyere,Cases,scases1y@nature.com,Male,115.99.63.135
72,Malachi,Ownsworth,mownsworth1z@myspace.com,Male,238.147.37.34
73,Renaldo,Dalston,rdalston20@blogspot.com,Male,139.39.218.251
74,Anselma,Filippi,afilippi21@virginia.edu,Female,62.23.204.217
75,Lorene,Chastaing,lchastaing22@xinhuanet.com,Female,58.58.85.164
76,Drusy,Simcoe,dsimcoe23@tinyurl.com,Female,229.54.240.185
77,Corrie,Larrosa,clarrosa24@ustream.tv,Agender,237.230.87.183
78,Massimo,Smiths,msmiths25@biglobe.ne.jp,Male,202.32.91.199
79,Genna,Frowen,gfrowen26@smugmug.com,Female,112.164.0.78
80,Christopher,Betho,cbetho27@dailymail.co.uk,Male,210.50.81.82
81,Isabella,Cardenosa,icardenosa28@auda.org.au,Female,14.197.249.88
82,Augusto,Churchward,achurchward29@tmall.com,Male,188.169.37.116
83,Caryl,Komorowski,ckomorowski2a@people.com.cn,Male,169.251.85.218
84,Tuckie,Voisey,tvoisey2b@dion.ne.jp,Male,38.149.232.73
85,Erma,Caldecourt,ecaldecourt2c@thetimes.co.uk,Female,61.143.118.12
86,Anetta,McKintosh,amckintosh2d@example.com,Female,82.146.247.244
87,Brendan,O'Cridigan,bocridigan2e@fotki.com,Genderqueer,130.232.219.99
88,Melodee,Huccaby,mhuccaby2f@eepurl.com,Female,216.118.68.116
89,Elsi,Crose,ecrose2g@mozilla.com,Female,193.169.156.98
90,Efren,McGonnell,emcgonnell2h@webnode.com,Male,73.105.35.141
91,Zachery,Puckett,zpuckett2i@yellowbook.com,Male,171.141.105.163
92,Bette-ann,Vitte,bvitte2j@geocities.com,Female,192.176.196.112
93,Willem,Goretti,wgoretti2k@ow.ly,Male,14.40.7.199
94,Madelene,Whitehorn,mwhitehorn2l@answers.com,Bigender,221.6.253.53
95,Chan,Cornehl,ccornehl2m@independent.co.uk,Male,196.149.205.63
96,Kurtis,Amthor,kamthor2n@shinystat.com,Male,185.110.246.100
97,Gerry,Keppy,gkeppy2o@gizmodo.com,Female,203.55.52.189
98,Osbourn,Kerfoot,okerfoot2p@google.com,Male,181.243.74.134
99,Lucila,Kittiman,lkittiman2q@dion.ne.jp,Female,24.19.224.208
100,Karole,Barnewell,kbarnewell2r@whitehouse.gov,Female,149.175.221.131
101,Gerladina,Ribbens,gribbens2s@ucoz.ru,Female,184.7.84.50
102,Paxton,Maceur,pmaceur2t@harvard.edu,Male,93.104.203.16
103,Annette,Fysh,afysh2u@ft.com,Female,118.163.113.143
104,Dolli,Childrens,dchildrens2v@upenn.edu,Female,152.199.252.153
105,Paxton,Lendon,plendon2w@cbc.ca,Male,54.115.88.153
106,Marguerite,Arnot,marnot2x@hao123.com,Female,107.211.36.158
107,Edmund,Goade,egoade2y@4shared.com,Male,173.96.80.200
108,Virginie,Jansie,vjansie2z@networksolutions.com,Female,243.137.101.30
109,Adan,Craghead,acraghead30@amazon.de,Male,29.140.254.189
110,Mitchael,Romanin,mromanin31@cloudflare.com,Male,83.56.140.171
111,Maje,Rainey,mrainey32@chicagotribune.com,Non-binary,42.172.219.138
112,Gypsy,McClurg,gmcclurg33@123-reg.co.uk,Female,90.118.225.153
113,Wynny,MacCafferky,wmaccafferky34@go.com,Female,117.3.82.148
114,Barron,Bailie,bbailie35@ted.com,Male,96.156.209.64
115,Sinclare,Pirazzi,spirazzi36@icq.com,Male,114.50.132.171
116,Filippo,Scotson,fscotson37@newyorker.com,Male,73.133.71.167
117,Caye,Nollet,cnollet38@123-reg.co.uk,Female,185.190.166.230
118,Arney,Solesbury,asolesbury39@un.org,Male,153.176.189.159
119,Boony,Dominicacci,bdominicacci3a@addtoany.com,Male,220.164.91.144
120,Bonnee,Sherbrooke,bsherbrooke3b@amazon.co.jp,Female,69.35.131.113
121,Garrick,Harmes,gharmes3c@altervista.org,Genderqueer,214.208.228.74
122,Kennedy,Goodread,kgoodread3d@jalbum.net,Male,16.12.207.1
123,Jareb,Gogin,jgogin3e@tinypic.com,Male,183.24.59.35
124,Taylor,Rasor,trasor3f@storify.com,Male,32.11.116.15
125,Micheline,Shayler,mshayler3g@howstuffworks.com,Female,69.50.130.57
126,Marty,Kopec,mkopec3h@surveymonkey.com,Male,162.30.120.146
127,Brinna,Schankelborg,bschankelborg3i@ucsd.edu,Female,17.204.228.34
128,Samara,O'Boyle,soboyle3j@cornell.edu,Female,155.163.244.113
129,Viviene,Keepence,vkeepence3k@tamu.edu,Female,98.233.117.221
130,Lucien,McCullock,lmccullock3l@sphinn.com,Male,153.102.150.23
131,Ned,Ilyinykh,nilyinykh3m@elpais.com,Male,128.69.58.231
132,Lucia,Turnock,lturnock3n@plala.or.jp,Female,192.196.202.43
133,My,Lates,mlates3o@goo.ne.jp,Polygender,118.56.5.84
134,Devonne,Sagar,dsagar3p@netscape.com,Female,126.254.3.21
135,Joellen,Petyanin,jpetyanin3q@nifty.com,Female,210.101.15.188
136,Gasper,Breakey,gbreakey3r@patch.com,Male,145.45.253.33
137,Rowen,Newens,rnewens3s@edublogs.org,Male,217.205.17.232
138,Rickard,MacRedmond,rmacredmond3t@google.de,Male,114.254.173.1
139,Andria,Clackers,aclackers3u@zimbio.com,Female,130.181.208.212
140,Ram,Beevens,rbeevens3v@de.vu,Male,6.158.153.124
141,Case,Handrek,chandrek3w@icq.com,Male,12.156.52.26
142,Adams,Mangon,amangon3x@nature.com,Non-binary,86.208.96.2
143,Tedd,Caws,tcaws3y@amazon.co.jp,Male,38.92.75.191
144,Dorelia,Willett,dwillett3z@blogs.com,Polygender,93.205.150.19
145,Celina,Coggings,ccoggings40@imgur.com,Female,200.118.216.61
146,Marcello,Lefley,mlefley41@artisteer.com,Male,169.18.199.180
147,Estella,O'Shevlin,eoshevlin42@ftc.gov,Female,232.185.174.101
148,Konstantin,Semeniuk,ksemeniuk43@studiopress.com,Male,61.231.226.66
149,Andriette,O'Dunneen,aodunneen44@blog.com,Bigender,62.96.94.184
150,Reynolds,Cull,rcull45@xrea.com,Male,155.84.159.130
151,Carleton,Maben,cmaben46@google.com.hk,Male,128.167.163.10
152,Glori,Noyce,gnoyce47@mail.ru,Non-binary,195.41.119.41
153,Waverley,Armin,warmin48@comcast.net,Male,102.132.243.196
154,Katharine,Varah,kvarah49@marriott.com,Female,2.170.228.51
155,Will,Gresley,wgresley4a@arizona.edu,Male,32.167.159.95
156,Linnet,Bardwell,lbardwell4b@csmonitor.com,Female,245.6.160.110
157,Grange,Mackney,gmackney4c@yahoo.co.jp,Male,209.42.214.89
158,Mylo,Laugheran,mlaugheran4d@latimes.com,Male,205.129.42.206
159,Vanda,Coxon,vcoxon4e@arstechnica.com,Female,72.210.12.187
160,Maynord,Bunney,mbunney4f@bizjournals.com,Male,151.243.173.196
161,Dore,Carass,dcarass4g@istockphoto.com,Female,239.203.235.15
162,Yettie,Kennealy,ykennealy4h@istockphoto.com,Female,209.208.53.58
163,Katrina,Greatrex,kgreatrex4i@ebay.co.uk,Female,39.206.216.36
164,Rozelle,Groome,rgroome4j@usa.gov,Female,216.99.95.52
165,Milly,Liepins,mliepins4k@census.gov,Female,121.9.232.245
166,Garik,Symcoxe,gsymcoxe4l@indiegogo.com,Non-binary,166.206.15.192
167,Lanae,Spurdon,lspurdon4m@netscape.com,Female,170.124.81.131
168,Aubine,Millgate,amillgate4n@pinterest.com,Female,191.83.130.227
169,Muire,Collaton,mcollaton4o@sciencedaily.com,Female,224.161.247.245
170,Nickolaus,Feak,nfeak4p@engadget.com,Male,15.205.45.224
171,Ebenezer,Glasser,eglasser4q@php.net,Male,219.121.251.14
172,Celestine,Fadian,cfadian4r@nydailynews.com,Female,4.249.56.229
173,Cathrine,Eastmond,ceastmond4s@illinois.edu,Female,223.191.66.60
174,Mala,Verillo,mverillo4t@cpanel.net,Female,8.232.91.241
175,Bernadene,O' Mulderrig,bomulderrig4u@g.co,Female,31.69.13.150
176,Camel,Dobrovolny,cdobrovolny4v@auda.org.au,Female,101.19.167.235
177,Haven,Clashe,hclashe4w@list-manage.com,Polygender,25.107.121.58
178,Ynez,Thorlby,ythorlby4x@stumbleupon.com,Female,177.38.27.37
179,Jaime,Skures,jskures4y@netlog.com,Female,226.100.166.66
180,Lawrence,Oliveto,loliveto4z@twitter.com,Male,48.206.178.155
181,Murdock,Fairham,mfairham50@diigo.com,Male,155.211.21.61
182,Bailey,Snazel,bsnazel51@springer.com,Male,28.109.5.183
183,Gui,Petrecz,gpetrecz52@yandex.ru,Female,44.158.88.0
184,Cynthie,Millmoe,cmillmoe53@aboutads.info,Female,61.148.37.208
185,Marianna,Hosburn,mhosburn54@sciencedirect.com,Female,141.198.235.41
186,Mendel,Maddox,mmaddox55@shutterfly.com,Genderfluid,224.100.177.222
187,Lauretta,Finch,lfinch56@yandex.ru,Female,203.114.79.50
188,Crin,Leitch,cleitch57@ow.ly,Female,196.26.20.15
189,Estrella,Rofe,erofe58@miitbeian.gov.cn,Female,14.159.98.134
190,Heath,Mannion,hmannion59@behance.net,Female,28.84.12.146
191,Staffard,Hegel,shegel5a@marriott.com,Male,154.192.193.21
192,Justino,Chaperling,jchaperling5b@ask.com,Male,230.150.28.30
193,Wren,Kermit,wkermit5c@123-reg.co.uk,Female,198.218.88.124
194,Maurie,McPeake,mmcpeake5d@pcworld.com,Male,163.49.47.118
195,Betteanne,Puttock,bputtock5e@gravatar.com,Female,209.57.40.37
196,Edlin,Berr,eberr5f@instagram.com,Male,44.215.5.49
197,Blair,St Pierre,bstpierre5g@yale.edu,Female,7.227.103.65
198,Anjanette,Prichard,aprichard5h@xing.com,Female,56.194.36.214
199,Haleigh,Sheryne,hsheryne5i@zimbio.com,Female,17.32.110.113
200,Fayina,Malone,fmalone5j@reddit.com,Female,162.124.86.116
201,Xenia,Massard,xmassard5k@imageshack.us,Female,150.236.177.12
202,Adriena,Jerrome,ajerrome5l@howstuffworks.com,Female,115.49.145.176
203,Darrelle,Vicary,dvicary5m@ovh.net,Genderfluid,214.135.27.146
204,Sophey,Huyche,shuyche5n@epa.gov,Female,247.46.254.26
205,Dolores,Grayson,dgrayson5o@tumblr.com,Female,11.112.58.98
206,Yule,Doick,ydoick5p@mail.ru,Male,146.197.72.190
207,Tonnie,Dilliston,tdilliston5q@hc360.com,Male,136.233.113.250
208,Chilton,Colborn,ccolborn5r@fotki.com,Male,49.195.165.228
209,Roselin,Guillford,rguillford5s@4shared.com,Female,231.147.1.99
210,Derek,Cranmere,dcranmere5t@nytimes.com,Agender,95.143.3.59
211,Charo,Ingle,cingle5u@eepurl.com,Female,45.96.217.34
212,Evan,Osmint,eosmint5v@businessweek.com,Male,206.77.222.118
213,Phedra,Gauge,pgauge5w@booking.com,Female,21.158.81.49
214,Bail,Swayland,bswayland5x@mozilla.org,Male,19.72.132.146
215,Vittoria,LaBastida,vlabastida5y@multiply.com,Female,163.46.191.30
216,Saba,Give,sgive5z@cnn.com,Female,154.50.169.31
217,Pail,Maasze,pmaasze60@php.net,Male,110.1.100.27
218,Julissa,Yarnell,jyarnell61@bizjournals.com,Female,32.142.36.138
219,Brendon,Childes,bchildes62@eventbrite.com,Male,11.49.60.231
220,Aleece,Betje,abetje63@cdc.gov,Female,109.100.182.114
221,Cleavland,Dignall,cdignall64@youtube.com,Male,53.93.21.143
222,Bruno,Meadley,bmeadley65@ihg.com,Male,225.112.159.5
223,Michelina,Readings,mreadings66@buzzfeed.com,Female,97.239.238.194
224,Marna,Paulus,mpaulus67@arstechnica.com,Female,179.45.132.106
225,Silvan,Haster,shaster68@apple.com,Male,50.44.90.220
226,Essy,Vanner,evanner69@xing.com,Female,105.30.126.106
227,Salomon,Kline,skline6a@addthis.com,Male,209.66.234.125
228,Aurthur,Thouless,athouless6b@mac.com,Male,172.8.69.214
229,Dacie,Malam,dmalam6c@sourceforge.net,Female,236.115.184.116
230,Shayne,Lys,slys6d@forbes.com,Male,95.95.147.175
231,Tobye,Alexander,talexander6e@nature.com,Female,18.182.230.117
232,Vivien,Sutty,vsutty6f@thetimes.co.uk,Female,159.254.65.254
233,Kevyn,Ridge,kridge6g@census.gov,Female,207.245.195.79
234,Stephani,Ellingworth,sellingworth6h@biglobe.ne.jp,Female,52.67.49.13
235,Katharine,Clevely,kclevely6i@blogger.com,Female,95.237.126.24
236,Elroy,Earingey,eearingey6j@printfriendly.com,Male,194.89.49.194
237,Vickie,Atty,vatty6k@symantec.com,Female,97.16.238.247
238,Rudd,Sommers,rsommers6l@meetup.com,Male,160.6.96.133
239,Quent,Izkovitz,qizkovitz6m@independent.co.uk,Male,89.159.184.119
240,Kimberlee,Somerled,ksomerled6n@eepurl.com,Bigender,105.110.123.16
241,Georgia,Atton,gatton6o@ca.gov,Female,69.243.109.218
242,Adrianne,Marsham,amarsham6p@icio.us,Female,9.22.163.65
243,Ailene,Twelvetrees,atwelvetrees6q@wp.com,Female,29.95.218.145
244,Duncan,Kinnie,dkinnie6r@aol.com,Male,173.188.38.237
245,Kynthia,Doggerell,kdoggerell6s@independent.co.uk,Female,237.138.119.104
246,Forester,Videler,fvideler6t@deviantart.com,Male,28.79.195.22
247,Gregorius,Slad,gslad6u@newyorker.com,Male,226.7.224.111
248,Stephan,Pressey,spressey6v@i2i.jp,Male,134.40.9.11
249,Hastie,Kildahl,hkildahl6w@tamu.edu,Male,35.233.176.7
250,Rycca,Pilfold,rpilfold6x@dmoz.org,Polygender,43.110.199.166
251,Tracie,Have,thave6y@ox.ac.uk,Male,30.47.220.200
252,Marthe,Allain,mallain6z@usatoday.com,Female,74.10.148.132
253,Bastien,Steanson,bsteanson70@bing.com,Male,210.140.6.166
254,Basilio,Warburton,bwarburton71@discovery.com,Male,137.238.176.94
255,Clerkclaude,Dessent,cdessent72@github.com,Male,5.35.125.115
256,Bettina,Blankenship,bblankenship73@businessweek.com,Female,87.50.41.206
257,Ambrosius,Castleton,acastleton74@arizona.edu,Male,136.41.61.197
258,Sid,Goddert.sf,sgoddertsf75@howstuffworks.com,Agender,102.213.186.192
259,Candy,Waitland,cwaitland76@pcworld.com,Female,185.121.127.206
260,Ofilia,McCreadie,omccreadie77@cafepress.com,Female,75.118.56.165
261,Spenser,Clist,sclist78@paypal.com,Male,248.132.19.163
262,Oby,Roubottom,oroubottom79@oakley.com,Male,186.156.57.114
263,Zachery,Cringle,zcringle7a@ucoz.com,Male,116.94.188.207
264,Lise,Berzon,lberzon7b@vkontakte.ru,Female,229.109.34.170
265,Tanney,Bernade,tbernade7c@eventbrite.com,Male,68.44.165.195
266,Sunny,Hodjetts,shodjetts7d@amazon.de,Female,116.186.157.132
267,Deedee,Oakden,doakden7e@mit.edu,Female,29.67.207.109
268,Sanderson,Gilford,sgilford7f@vkontakte.ru,Polygender,188.34.59.238
269,Marris,Stelfax,mstelfax7g@sogou.com,Female,42.130.207.2
270,Pepi,Khosa,pkhosa7h@jalbum.net,Female,119.116.172.56
271,Chick,Potte,cpotte7i@netscape.com,Male,250.160.121.9
272,Erich,Calderon,ecalderon7j@hexun.com,Male,236.125.28.132
273,Herschel,Pebworth,hpebworth7k@ehow.com,Male,34.180.147.221
274,Terese,Jessup,tjessup7l@indiatimes.com,Female,195.38.148.24
275,Kerr,Wilcock,kwilcock7m@jigsy.com,Male,115.207.43.101
276,Jerald,Sorsbie,jsorsbie7n@telegraph.co.uk,Polygender,15.76.249.44
277,Shea,Urey,surey7o@google.es,Male,134.72.30.165
278,Kiele,Lishman,klishman7p@epa.gov,Female,3.90.211.113
279,Willdon,Vandenhoff,wvandenhoff7q@ucoz.com,Male,50.10.211.219
280,Tori,Hickinbottom,thickinbottom7r@umn.edu,Female,190.242.60.186
281,Tull,Jamme,tjamme7s@desdev.cn,Male,108.255.150.151
282,Tobin,O'Devey,todevey7t@uiuc.edu,Male,119.68.232.187
283,Lane,Todhunter,ltodhunter7u@blogspot.com,Female,36.166.246.120
284,Elinor,Bramley,ebramley7v@jugem.jp,Female,255.36.59.190
285,Franchot,Tatton,ftatton7w@istockphoto.com,Male,243.155.30.234
286,Elia,Ashment,eashment7x@youtu.be,Male,56.204.248.154
287,Pablo,Grimstead,pgrimstead7y@google.es,Genderqueer,124.198.14.202
288,Michaeline,Tatchell,mtatchell7z@intel.com,Female,24.214.55.65
289,Miriam,Whitmore,mwhitmore80@scientificamerican.com,Female,89.42.118.28
290,Vlad,Artin,vartin81@prnewswire.com,Male,211.98.81.185
291,Riki,Firk,rfirk82@wired.com,Female,197.234.110.14
292,Gradeigh,Eustes,geustes83@google.pl,Male,43.35.196.29
293,Artie,Donegan,adonegan84@ezinearticles.com,Male,44.30.100.1
294,Meridel,Carlon,mcarlon85@google.co.jp,Female,135.188.253.193
295,Rubie,Shoute,rshoute86@washington.edu,Female,165.208.94.208
296,Fabien,Ballach,fballach87@springer.com,Polygender,128.20.239.0
297,Errick,MacAvaddy,emacavaddy88@elegantthemes.com,Male,113.140.216.55
298,Lucretia,Gathercole,lgathercole89@dailymail.co.uk,Female,218.235.3.23
299,Catie,Sawney,csawney8a@hostgator.com,Bigender,135.217.7.232
300,Millie,Carnegy,mcarnegy8b@businesswire.com,Female,41.18.98.225
301,Wiatt,Earley,wearley8c@com.com,Male,88.36.97.136
302,Audrye,McOwan,amcowan8d@vimeo.com,Polygender,170.124.126.43
303,Martha,Gino,mgino8e@fc2.com,Female,191.85.115.51
304,Yetta,Pepper,ypepper8f@lycos.com,Female,0.162.131.21
305,Kellen,Artin,kartin8g@princeton.edu,Male,31.57.116.238
306,Tedie,Cars,tcars8h@auda.org.au,Male,197.121.193.92
307,Ginni,Aloigi,galoigi8i@instagram.com,Female,206.150.112.36
308,Rolph,Kettlestring,rkettlestring8j@canalblog.com,Male,166.164.91.23
309,Alano,O'Hanlon,aohanlon8k@adobe.com,Male,80.66.203.4
310,Killian,Giorgini,kgiorgini8l@globo.com,Male,148.170.171.197
311,Berenice,Gavini,bgavini8m@reddit.com,Bigender,43.0.40.173
312,Maxi,Shenton,mshenton8n@hao123.com,Female,128.61.138.228
313,Raddie,Balle,rballe8o@cargocollective.com,Male,250.248.1.14
314,Addy,Shelper,ashelper8p@state.gov,Female,13.254.197.125
315,Mohandis,Gorler,mgorler8q@meetup.com,Male,98.251.36.229
316,Madelene,Girdlestone,mgirdlestone8r@addthis.com,Female,217.244.65.155
317,Cody,Manifould,cmanifould8s@berkeley.edu,Male,55.203.145.105
318,Finley,Cayzer,fcayzer8t@army.mil,Male,210.25.211.142
319,Lilllie,Gourlay,lgourlay8u@dion.ne.jp,Female,165.83.185.177
320,Horten,Lanfer,hlanfer8v@patch.com,Male,19.26.180.206
321,Casey,Brownsell,cbrownsell8w@weibo.com,Female,169.104.139.127
322,Matilda,MacCard,mmaccard8x@yelp.com,Female,201.59.147.126
323,Emylee,Caws,ecaws8y@linkedin.com,Female,50.228.140.214
324,Abran,Hebborn,ahebborn8z@apache.org,Male,49.63.223.89
325,Tyrus,Cowing,tcowing90@pagesperso-orange.fr,Male,70.213.140.123
326,Elwood,Plant,eplant91@webeden.co.uk,Male,125.125.57.151
327,Way,MacLoughlin,wmacloughlin92@constantcontact.com,Male,30.103.117.250
328,Panchito,O'Reagan,poreagan93@godaddy.com,Male,90.72.157.244
329,Janey,Haggerwood,jhaggerwood94@t-online.de,Non-binary,247.150.113.33
330,Felix,Lockhart,flockhart95@privacy.gov.au,Male,23.74.28.5
331,Morgan,Horbath,mhorbath96@comcast.net,Female,217.22.127.115
332,Vilhelmina,Goodrum,vgoodrum97@twitter.com,Female,155.13.171.51
333,Tadd,Denley,tdenley98@surveymonkey.com,Male,140.25.173.172
334,Rosana,Duchan,rduchan99@ning.com,Female,22.129.217.210
335,Carney,Duchenne,cduchenne9a@twitter.com,Male,98.74.148.177
336,Benedetta,Minchinden,bminchinden9b@unc.edu,Genderfluid,44.200.230.60
337,Hale,Rounsivall,hrounsivall9c@mapquest.com,Male,90.172.0.71
338,Jacinthe,Apfler,japfler9d@networksolutions.com,Female,47.85.95.35
339,Erinna,Goshawke,egoshawke9e@washington.edu,Female,53.160.102.86
340,Zsa zsa,Rouf,zrouf9f@wsj.com,Female,153.122.211.194
341,Flory,McDowall,fmcdowall9g@wordpress.org,Female,76.211.158.55
342,Emilie,Faustian,efaustian9h@seattletimes.com,Female,90.62.21.163
343,Carita,Bazoge,cbazoge9i@printfriendly.com,Female,93.144.31.193
344,Rubetta,Scamwell,rscamwell9j@cnn.com,Female,196.181.52.173
345,Amaleta,Staniland,astaniland9k@jugem.jp,Female,125.4.19.123
346,Hebert,Driffield,hdriffield9l@prnewswire.com,Male,143.138.244.34
347,Ansell,Hallows,ahallows9m@unicef.org,Male,139.248.243.153
348,Jessalyn,Chatelot,jchatelot9n@cdc.gov,Female,183.18.106.159
349,Daryl,Cornilleau,dcornilleau9o@github.io,Polygender,206.113.201.186
350,Beck,Longson,blongson9p@storify.com,Male,170.131.91.64
351,Ariel,Stolberg,astolberg9q@techcrunch.com,Male,93.84.229.100
352,Vachel,Starte,vstarte9r@wix.com,Male,226.238.185.39
353,Niccolo,Aspenlon,naspenlon9s@ft.com,Male,219.107.142.130
354,Concettina,Simonyi,csimonyi9t@barnesandnoble.com,Female,10.4.53.144
355,Tedra,Lamminam,tlamminam9u@state.gov,Female,214.217.236.191
356,Pepe,Fairlaw,pfairlaw9v@berkeley.edu,Male,149.128.136.60
357,Erek,Hegge,ehegge9w@usgs.gov,Male,24.191.230.215
358,Marwin,Harower,mharower9x@dedecms.com,Male,9.146.56.115
359,Kristofor,Cottingham,kcottingham9y@nsw.gov.au,Male,223.35.127.240
360,Keely,Klemz,kklemz9z@miitbeian.gov.cn,Female,24.253.164.173
361,Prentice,Veldman,pveldmana0@theatlantic.com,Male,152.76.24.116
362,Rasla,Orbell,rorbella1@example.com,Female,188.181.170.27
363,Melly,Senecaut,msenecauta2@seattletimes.com,Female,47.186.158.168
364,Leslie,Gummow,lgummowa3@webnode.com,Male,69.174.80.83
365,Gasper,Eckly,gecklya4@google.fr,Male,157.183.226.239
366,Berti,Simmonite,bsimmonitea5@comsenz.com,Female,103.186.81.191
367,Helen,Mecco,hmeccoa6@sina.com.cn,Female,49.94.83.164
368,Ingemar,Leathlay,ileathlaya7@sciencedaily.com,Male,18.188.185.68
369,Suellen,Botten,sbottena8@gmpg.org,Female,210.30.104.131
370,Abramo,Rotherham,arotherhama9@i2i.jp,Male,194.250.133.114
371,Zachary,Logue,zlogueaa@answers.com,Male,229.193.122.193
372,Doralynne,Dobbyn,ddobbynab@deviantart.com,Female,112.154.206.49
373,Yves,Vossing,yvossingac@answers.com,Male,193.212.8.87
374,Quinta,Ather,qatherad@networksolutions.com,Female,203.22.183.123
375,Pernell,Everix,peverixae@stumbleupon.com,Male,129.0.226.179
376,Hilarius,Ziemke,hziemkeaf@flickr.com,Male,30.159.184.133
377,Laurena,Morecomb,lmorecombag@dailymotion.com,Female,166.212.234.74
378,Mischa,Croney,mcroneyah@privacy.gov.au,Male,63.30.176.253
379,Myrlene,Limeburner,mlimeburnerai@bbb.org,Female,45.99.249.9
380,Reinwald,Knowlson,rknowlsonaj@apple.com,Male,206.154.15.172
381,Janot,Twelve,jtwelveak@joomla.org,Female,166.15.114.160
382,Virge,Candie,vcandieal@chron.com,Male,245.162.147.157
383,Perry,Acosta,pacostaam@exblog.jp,Non-binary,57.204.54.148
384,Kathy,Lounds,kloundsan@linkedin.com,Female,14.249.149.183
385,Janessa,Beardon,jbeardonao@tinypic.com,Female,173.36.247.250
386,Eilis,Pendered,ependeredap@toplist.cz,Female,163.249.70.98
387,Cornelle,Guyon,cguyonaq@bizjournals.com,Agender,209.210.214.179
388,Sonni,Truran,struranar@51.la,Female,184.111.138.135
389,Sampson,Cool,scoolas@pagesperso-orange.fr,Male,154.141.41.189
390,Ara,Zanni,azanniat@nationalgeographic.com,Male,122.2.170.148
391,Morena,Lapidus,mlapidusau@dot.gov,Female,102.85.240.174
392,Bay,Gadman,bgadmanav@discovery.com,Male,112.168.144.251
393,Benjamin,Lumley,blumleyaw@sohu.com,Male,39.198.24.126
394,Lulu,Sturdy,lsturdyax@cnbc.com,Female,44.204.96.8
395,Carma,Cleator,ccleatoray@irs.gov,Non-binary,213.50.254.79
396,Hermann,Colles,hcollesaz@msn.com,Non-binary,140.89.159.12
397,Danni,Ollivierre,dollivierreb0@nsw.gov.au,Female,23.20.170.13
398,Worthy,Calverd,wcalverdb1@marketwatch.com,Male,85.32.31.230
399,Sadye,Curnow,scurnowb2@smugmug.com,Female,6.111.212.253
400,Sybyl,Bilfoot,sbilfootb3@constantcontact.com,Polygender,103.128.38.94
401,Peria,Lambell,plambellb4@ted.com,Female,234.173.62.87
402,Karleen,Soppit,ksoppitb5@about.me,Female,91.225.185.170
403,James,Sline,jslineb6@psu.edu,Male,0.219.133.92
404,Rory,Phebey,rphebeyb7@who.int,Male,141.4.96.192
405,Clint,Tumilson,ctumilsonb8@dagondesign.com,Male,162.85.138.155
406,Inglebert,Fabler,ifablerb9@reddit.com,Male,23.190.45.110
407,Renee,Boc,rbocba@msu.edu,Female,156.248.227.154
408,Mose,Hillin,mhillinbb@feedburner.com,Male,123.201.31.51
409,Dorette,Kirckman,dkirckmanbc@issuu.com,Female,201.98.245.171
410,Camey,Dabes,cdabesbd@berkeley.edu,Male,1.220.115.79
411,Friederike,MacDonnell,fmacdonnellbe@sciencedirect.com,Female,105.138.56.20
412,Elden,Nolan,enolanbf@google.com.hk,Male,248.251.45.235
413,Ulrich,Pafford,upaffordbg@dell.com,Male,136.225.167.200
414,Carin,Sparshett,csparshettbh@sakura.ne.jp,Female,119.209.16.232
415,Glynn,Comello,gcomellobi@acquirethisname.com,Male,189.106.124.46
416,Electra,Giral,egiralbj@intel.com,Female,157.188.207.117
417,Sayer,Petch,spetchbk@ox.ac.uk,Male,76.205.155.108
418,Judi,Gribbell,jgribbellbl@unblog.fr,Female,200.210.136.77
419,Caron,Lingner,clingnerbm@npr.org,Female,177.48.59.131
420,Fannie,Haddock,fhaddockbn@soundcloud.com,Female,91.223.49.218
421,Eran,Oleszczak,eoleszczakbo@wiley.com,Female,249.42.74.246
422,Alice,Scrowby,ascrowbybp@com.com,Female,213.210.19.65
423,Anetta,Connerly,aconnerlybq@washingtonpost.com,Female,57.228.122.244
424,Duffy,Wombwell,dwombwellbr@qq.com,Male,134.253.49.243
425,Creigh,McQuirk,cmcquirkbs@tmall.com,Male,190.176.139.201
426,Anselm,Celle,acellebt@cdbaby.com,Male,203.143.253.232
427,Solly,Perrottet,sperrottetbu@quantcast.com,Male,18.101.233.20
428,Olive,Horlock,ohorlockbv@pcworld.com,Female,138.43.91.8
429,Dewie,Melmeth,dmelmethbw@epa.gov,Male,183.7.239.53
430,Elnore,Fontes,efontesbx@pagesperso-orange.fr,Female,74.182.90.191
431,Anastassia,Loody,aloodyby@mlb.com,Female,244.197.141.79
432,Norri,Peschmann,npeschmannbz@free.fr,Female,82.161.163.120
433,Orson,Searchwell,osearchwellc0@virginia.edu,Male,129.31.92.109
434,Aurea,Sked,askedc1@feedburner.com,Female,177.223.102.79
435,Terrel,Body,tbodyc2@netlog.com,Male,35.195.99.180
436,Hebert,Pottie,hpottiec3@nature.com,Male,238.39.148.158
437,Lyndsay,Sergeaunt,lsergeauntc4@hp.com,Female,87.151.69.164
438,Garrard,Kemwal,gkemwalc5@surveymonkey.com,Genderqueer,189.231.141.255
439,Alanah,Aishford,aaishfordc6@reddit.com,Female,147.143.175.220
440,Jefferey,Punton,jpuntonc7@sphinn.com,Male,51.169.161.230
441,Leone,Glabach,lglabachc8@techcrunch.com,Female,234.153.3.170
442,Linette,Brame,lbramec9@noaa.gov,Female,171.19.138.253
443,Kristine,Luter,kluterca@wordpress.com,Female,128.174.207.170
444,Enrico,Moens,emoenscb@noaa.gov,Male,110.163.231.130
445,Van,Barlass,vbarlasscc@jimdo.com,Male,61.75.157.17
446,Cyndy,Fullun,cfulluncd@1und1.de,Female,26.101.44.244
447,Hubie,Wiffield,hwiffieldce@umn.edu,Male,162.37.185.109
448,Abeu,Earsman,aearsmancf@digg.com,Male,241.215.19.188
449,Rochette,January,rjanuarycg@ifeng.com,Female,206.140.41.246
450,Darrel,Kaufman,dkaufmanch@engadget.com,Male,13.22.65.255
451,Jacinta,Juggins,jjugginsci@yelp.com,Female,125.58.159.102
452,Ferguson,Caslane,fcaslanecj@patch.com,Male,10.178.128.154
453,Alice,Cast,acastck@edublogs.org,Female,9.103.150.45
454,Hastings,Simounet,hsimounetcl@gravatar.com,Bigender,140.145.34.162
455,Sampson,Campagne,scampagnecm@sogou.com,Polygender,72.130.79.186
456,Doria,Scutt,dscuttcn@ihg.com,Female,159.93.252.255
457,Roxanne,Hemmingway,rhemmingwayco@ask.com,Female,54.126.54.87
458,Lucia,Pietersen,lpietersencp@fema.gov,Female,83.142.202.196
459,Ely,Orro,eorrocq@deliciousdays.com,Male,184.121.127.212
460,Ario,De'Vere - Hunt,adeverehuntcr@foxnews.com,Male,39.58.126.74
461,Massimo,Clashe,mclashecs@weibo.com,Male,63.175.60.39
462,Felix,Toop,ftoopct@tumblr.com,Non-binary,96.45.89.172
463,Roanna,Haughian,rhaughiancu@posterous.com,Female,97.244.252.155
464,Shalom,Raigatt,sraigattcv@over-blog.com,Male,192.38.163.37
465,Trish,Odeson,todesoncw@bing.com,Female,9.51.60.134
466,Risa,Gokes,rgokescx@nifty.com,Female,81.13.195.27
467,Dru,Fydo,dfydocy@independent.co.uk,Female,117.158.165.152
468,Marybelle,Jacqueme,mjacquemecz@mysql.com,Female,46.64.189.200
469,Nicolais,Weldrick,nweldrickd0@delicious.com,Male,206.78.254.44
470,Rhys,Tobias,rtobiasd1@reference.com,Male,51.18.162.79
471,Etan,Quinell,equinelld2@xing.com,Male,192.211.15.235
472,Dona,Eastope,deastoped3@dmoz.org,Female,4.127.3.144
473,Brita,Gibbin,bgibbind4@ted.com,Female,148.58.155.103
474,Regan,Iacomelli,riacomellid5@tuttocitta.it,Female,0.155.220.103
475,Leta,Brawson,lbrawsond6@macromedia.com,Female,253.135.119.34
476,Glendon,Attenbrough,gattenbroughd7@tmall.com,Male,238.134.193.129
477,Kyla,Hyndson,khyndsond8@ustream.tv,Female,172.198.190.52
478,Lorrin,Hanse,lhansed9@xrea.com,Female,47.2.75.190
479,Ailbert,Crumby,acrumbyda@live.com,Male,230.214.18.241
480,Iormina,Plevey,ipleveydb@diigo.com,Female,55.201.24.124
481,Chery,Lengthorn,clengthorndc@mozilla.com,Female,78.204.59.20
482,Norrie,Gullivent,ngulliventdd@elpais.com,Female,16.210.56.82
483,Elias,Hands,ehandsde@google.ru,Male,105.206.236.251
484,Whitney,Gilardengo,wgilardengodf@weibo.com,Genderfluid,96.208.191.236
485,Marleen,Flemmich,mflemmichdg@4shared.com,Female,106.208.205.177
486,Janine,Gelland,jgellanddh@infoseek.co.jp,Female,236.158.118.147
487,Martie,Dumper,mdumperdi@weibo.com,Genderqueer,102.155.240.167
488,Roberto,Meehan,rmeehandj@buzzfeed.com,Male,151.250.181.122
489,Chastity,McVittie,cmcvittiedk@histats.com,Female,124.241.44.244
490,Linus,Martell,lmartelldl@wufoo.com,Male,252.118.200.146
491,Ephrayim,Brambell,ebrambelldm@geocities.com,Male,138.244.175.249
492,Rania,Hall,rhalldn@smh.com.au,Female,232.85.149.207
493,Marsha,Alyutin,malyutindo@sun.com,Female,5.195.63.59
494,Sigmund,Marjot,smarjotdp@nbcnews.com,Male,136.59.92.110
495,Audy,Hourihan,ahourihandq@wikipedia.org,Female,112.53.54.229
496,Omar,Tinklin,otinklindr@g.co,Male,128.181.33.193
497,Evelyn,O'Dennehy,eodennehyds@livejournal.com,Male,112.74.98.137
498,Madelina,Hairs,mhairsdt@microsoft.com,Female,171.201.74.6
499,Esma,Risely,eriselydu@dot.gov,Female,170.63.131.26
500,Chick,Fidge,cfidgedv@sina.com.cn,Male,49.240.86.91
501,Elwood,Mathivon,emathivondw@examiner.com,Male,51.88.106.28
502,Lucy,Gaskal,lgaskaldx@foxnews.com,Female,21.79.174.215
503,Josey,Conklin,jconklindy@marketwatch.com,Non-binary,181.60.18.162
504,Jackson,Shanahan,jshanahandz@soundcloud.com,Male,208.212.116.214
505,Carolann,Shevels,cshevelse0@hc360.com,Female,251.17.50.214
506,Mitchell,McCardle,mmccardlee1@mapquest.com,Male,145.104.231.142
507,Maribeth,Cast,mcaste2@youtu.be,Female,198.18.31.238
508,Nickey,Danigel,ndanigele3@sun.com,Male,219.218.61.105
509,Darbee,Arrault,darraulte4@dyndns.org,Male,7.87.196.171
510,Othilia,Anthony,oanthonye5@sogou.com,Female,62.51.61.54
511,Alina,Woodlands,awoodlandse6@msu.edu,Female,213.123.184.158
512,Murray,McGibbon,mmcgibbone7@vk.com,Male,160.73.212.165
513,Myron,Edsell,medselle8@altervista.org,Male,247.64.20.228
514,Bryan,Paulich,bpauliche9@e-recht24.de,Male,230.77.227.93
515,Engelbert,Lockhurst,elockhurstea@ucsd.edu,Male,124.150.119.211
516,Genia,O'Carmody,gocarmodyeb@adobe.com,Female,45.81.53.26
517,Diana,Blasio,dblasioec@oakley.com,Female,254.147.118.224
518,Albertina,Blainey,ablaineyed@irs.gov,Female,134.197.0.52
519,Coleman,Wagstaff,cwagstaffee@t.co,Non-binary,225.98.153.23
520,Maire,Riccetti,mriccettief@paginegialle.it,Female,242.239.241.171
521,Gavrielle,McClay,gmcclayeg@ucoz.ru,Female,230.141.36.222
522,Minnaminnie,Chellingworth,mchellingwortheh@google.cn,Polygender,143.154.163.231
523,Carlie,Goundry,cgoundryei@photobucket.com,Male,46.192.109.69
524,Tove,Adamoli,tadamoliej@admin.ch,Female,175.125.63.4
525,Gardener,Steaning,gsteaningek@purevolume.com,Male,80.109.206.146
526,Dmitri,Leacock,dleacockel@google.es,Male,36.97.171.249
527,Jozef,Dyshart,jdyshartem@chronoengine.com,Male,161.51.25.192
528,Raymond,Somerled,rsomerleden@altervista.org,Male,98.241.57.34
529,Kinny,Kingsley,kkingsleyeo@naver.com,Male,112.100.128.75
530,Kathye,Sneyd,ksneydep@mashable.com,Agender,247.236.152.40
531,Adah,Mathers,amatherseq@cbc.ca,Female,86.54.178.13
532,Kathy,Wixey,kwixeyer@yellowpages.com,Female,77.138.87.55
533,Minna,Simo,msimoes@opensource.org,Female,198.111.243.243
534,Ilario,Geffinger,igeffingeret@spotify.com,Genderfluid,107.119.0.216
535,Chrisse,Swabey,cswabeyeu@shop-pro.jp,Genderqueer,99.224.235.247
536,Leandra,D'Ambrogio,ldambrogioev@hubpages.com,Female,202.151.106.109
537,Gunner,Yegoshin,gyegoshinew@msn.com,Male,131.131.50.3
538,Aubrette,Mathissen,amathissenex@java.com,Female,27.239.224.192
539,Husain,Wreath,hwreathey@live.com,Genderfluid,160.68.53.193
540,Aurlie,Fensome,afensomeez@youtube.com,Female,157.17.116.99
541,Leah,Hailes,lhailesf0@senate.gov,Female,35.159.159.250
542,Raimundo,Temperley,rtemperleyf1@bbb.org,Male,122.242.27.78
543,Rog,Kiefer,rkieferf2@yellowbook.com,Male,211.118.224.240
544,Sissie,Getley,sgetleyf3@digg.com,Female,246.52.236.178
545,Addison,Veitch,aveitchf4@over-blog.com,Male,91.78.82.34
546,Bastian,Gasker,bgaskerf5@fotki.com,Male,90.10.68.232
547,Simone,Swannack,sswannackf6@wikimedia.org,Male,77.46.218.139
548,Tonye,Lyne,tlynef7@bigcartel.com,Female,235.19.154.76
549,Obadiah,Coxon,ocoxonf8@yahoo.com,Male,85.231.133.242
550,Franciskus,Shakelady,fshakeladyf9@nifty.com,Male,207.245.200.62
551,Stevy,Werrit,swerritfa@gmpg.org,Genderqueer,2.219.149.200
552,Gerard,Bibb,gbibbfb@yolasite.com,Male,253.147.64.254
553,Darin,Cattrall,dcattrallfc@si.edu,Male,85.60.84.90
554,Alleyn,Bromidge,abromidgefd@guardian.co.uk,Male,185.17.236.201
555,Enid,Renfrew,erenfrewfe@nationalgeographic.com,Female,102.201.82.82
556,Annamarie,Trowler,atrowlerff@nationalgeographic.com,Female,86.88.146.142
557,Elena,Speeks,espeeksfg@businessweek.com,Female,221.3.11.160
558,Madelina,Attenborough,mattenboroughfh@oakley.com,Female,104.109.243.202
559,Melisa,Timmons,mtimmonsfi@sina.com.cn,Female,152.122.106.11
560,Cobbie,Maxweell,cmaxweellfj@issuu.com,Male,37.231.234.10
561,Emmanuel,Cescoti,ecescotifk@facebook.com,Male,227.41.32.52
562,Barthel,Scothorn,bscothornfl@uiuc.edu,Male,156.140.176.237
563,Allsun,Dufour,adufourfm@t.co,Female,120.165.27.232
564,Leroy,Whitman,lwhitmanfn@feedburner.com,Male,81.183.254.108
565,Shelton,Grzegorzewski,sgrzegorzewskifo@t-online.de,Male,194.210.214.239
566,Arly,Roundtree,aroundtreefp@github.io,Female,230.241.2.192
567,Tristan,Kedslie,tkedsliefq@163.com,Male,34.17.197.156
568,Ettie,Wilshere,ewilsherefr@umich.edu,Female,150.121.221.195
569,Olenka,Joye,ojoyefs@t.co,Female,101.16.90.117
570,Codee,Arnaudi,carnaudift@cbsnews.com,Genderqueer,146.177.246.128
571,Gwenny,Chiene,gchienefu@boston.com,Female,122.89.201.155
572,Federico,Treslove,ftreslovefv@altervista.org,Male,221.160.28.103
573,Aubrey,Morfey,amorfeyfw@amazon.de,Male,82.130.109.1
574,May,Wytchard,mwytchardfx@mtv.com,Female,126.98.109.7
575,Darius,Hallgate,dhallgatefy@wordpress.org,Male,95.29.101.127
576,Hardy,Van der Spohr,hvanderspohrfz@fda.gov,Male,73.97.214.105
577,Ches,Trahearn,ctrahearng0@earthlink.net,Male,231.241.220.123
578,Sibeal,Cauldfield,scauldfieldg1@reverbnation.com,Female,7.6.87.194
579,Egan,Vasilchenko,evasilchenkog2@smugmug.com,Male,203.126.165.111
580,Elsinore,Harbage,eharbageg3@mediafire.com,Female,151.84.4.221
581,Alfy,Hassan,ahassang4@dion.ne.jp,Female,26.252.116.130
582,Torey,Gealy,tgealyg5@odnoklassniki.ru,Male,199.224.55.125
583,Harriot,Loftus,hloftusg6@delicious.com,Genderfluid,92.240.142.142
584,Valentina,Pitt,vpittg7@wunderground.com,Female,129.230.223.48
585,Syd,Dablin,sdabling8@nps.gov,Male,198.116.74.158
586,Bart,Esser,besserg9@prlog.org,Male,231.249.106.69
587,Jeanna,Millan,jmillanga@macromedia.com,Non-binary,241.117.35.225
588,Shalom,Kruschov,skruschovgb@jugem.jp,Male,114.170.166.182
589,Inga,Amiss,iamissgc@youku.com,Female,248.215.46.248
590,Rik,Michelet,rmicheletgd@about.com,Male,244.133.81.205
591,Erna,Campany,ecampanyge@symantec.com,Female,79.60.147.61
592,Hyacintha,Kauscher,hkauschergf@businessweek.com,Bigender,229.143.129.86
593,Mercie,Burroughes,mburroughesgg@hc360.com,Female,66.186.195.178
594,Steffie,Lippiatt,slippiattgh@indiatimes.com,Female,223.162.104.70
595,Baron,McGrudder,bmcgruddergi@marketwatch.com,Male,60.45.170.43
596,Fawnia,Fallanche,ffallanchegj@admin.ch,Female,219.81.164.202
597,Joela,Pogue,jpoguegk@army.mil,Female,97.177.234.224
598,Kerk,Arter,kartergl@cisco.com,Male,55.157.114.209
599,Alric,Wilcock,awilcockgm@dyndns.org,Male,23.159.241.13
600,Farley,Duffyn,fduffyngn@free.fr,Male,157.67.196.37
601,Zelma,Whitta,zwhittago@live.com,Female,179.233.253.18
602,Andi,Steers,asteersgp@usnews.com,Female,192.134.85.179
603,Cathie,Cristofvao,ccristofvaogq@microsoft.com,Female,3.142.129.102
604,Merlina,Prestie,mprestiegr@java.com,Female,229.40.173.9
605,Jessee,Jeremaes,jjeremaesgs@xrea.com,Male,233.169.111.53
606,Ashlen,Kovalski,akovalskigt@addtoany.com,Female,21.153.124.224
607,Giffie,Kidsley,gkidsleygu@uiuc.edu,Male,130.5.115.200
608,Zach,Kane,zkanegv@amazon.co.jp,Male,57.55.76.117
609,Andrei,Habden,ahabdengw@blinklist.com,Female,157.88.41.29
610,Mina,Dwine,mdwinegx@odnoklassniki.ru,Female,136.165.180.164
611,Stephen,Lambotin,slambotingy@discovery.com,Male,201.248.230.66
612,Ana,Llewellen,allewellengz@newyorker.com,Female,187.41.63.235
613,Jimmy,Kidson,jkidsonh0@omniture.com,Male,228.105.147.134
614,Jeth,Kleinstub,jkleinstubh1@google.com.br,Male,148.234.80.150
615,Jerri,Tripcony,jtripconyh2@quantcast.com,Male,225.120.200.35
616,Jean,Repp,jrepph3@opensource.org,Female,102.245.163.18
617,Booth,Wannan,bwannanh4@irs.gov,Male,216.232.23.151
618,Aurora,Olligan,aolliganh5@vistaprint.com,Female,115.119.83.29
619,Cybil,Dubique,cdubiqueh6@digg.com,Female,63.124.165.5
620,Ester,McCalum,emccalumh7@eventbrite.com,Female,239.33.157.235
621,Rebecca,Raun,rraunh8@tmall.com,Female,246.102.201.77
622,Isador,Willerton,iwillertonh9@tripod.com,Male,14.43.84.170
623,Ivy,O'Codihie,iocodihieha@xing.com,Female,88.66.170.192
624,Nola,Hammersley,nhammersleyhb@usgs.gov,Female,224.194.192.251
625,Car,Adin,cadinhc@reverbnation.com,Male,96.5.246.132
626,Melisenda,Olivet,molivethd@toplist.cz,Female,25.36.114.189
627,Morgan,Barthrop,mbarthrophe@w3.org,Male,58.85.36.116
628,Gordon,Kennedy,gkennedyhf@cnet.com,Male,126.144.99.67
629,Cher,Le Moucheux,clemoucheuxhg@nasa.gov,Female,61.95.203.10
630,Sawyere,Reddle,sreddlehh@auda.org.au,Male,72.186.224.115
631,Grier,Malthouse,gmalthousehi@webmd.com,Female,8.228.234.238
632,Elka,Chatt,echatthj@independent.co.uk,Female,212.254.106.116
633,Huntley,Bonsall,hbonsallhk@mlb.com,Male,50.170.143.171
634,Toinette,Gyrgorwicx,tgyrgorwicxhl@altervista.org,Non-binary,126.60.57.20
635,Isidor,Pyke,ipykehm@ted.com,Male,100.236.70.249
636,Kristofor,Nicklinson,knicklinsonhn@cnbc.com,Male,65.124.157.140
637,Randene,Babcock,rbabcockho@spiegel.de,Female,202.27.6.94
638,Zechariah,Giacopazzi,zgiacopazzihp@php.net,Male,131.148.175.95
639,Parry,Pashler,ppashlerhq@unesco.org,Male,80.233.187.45
640,Melly,Baudrey,mbaudreyhr@vinaora.com,Female,60.221.238.78
641,Roz,Farncombe,rfarncombehs@shop-pro.jp,Female,207.99.190.38
642,Conny,Gravenor,cgravenorht@spotify.com,Male,101.245.162.148
643,Addia,Lanktree,alanktreehu@list-manage.com,Genderqueer,106.17.5.249
644,Jedidiah,Rops,jropshv@yolasite.com,Male,192.247.38.108
645,Oralia,Elleyne,oelleynehw@tinyurl.com,Female,228.106.127.59
646,Kort,Lermouth,klermouthhx@columbia.edu,Male,216.75.100.214
647,Zonda,Caudelier,zcaudelierhy@google.com.hk,Female,213.150.5.35
648,Kit,Greene,kgreenehz@engadget.com,Female,39.35.48.213
649,Leonerd,Kundt,lkundti0@miibeian.gov.cn,Male,202.122.145.67
650,Gottfried,Mandrey,gmandreyi1@bizjournals.com,Male,86.149.230.222
651,Whitney,Chippindall,wchippindalli2@ucla.edu,Female,88.162.127.0
652,Sheffield,Stapylton,sstapyltoni3@webnode.com,Male,89.2.23.142
653,Almire,Jeannel,ajeanneli4@stanford.edu,Female,139.212.65.169
654,Jaymee,Bedder,jbedderi5@goo.ne.jp,Female,254.251.219.69
655,Kale,Purchon,kpurchoni6@wordpress.com,Agender,137.65.195.21
656,Vaughn,Hames,vhamesi7@comsenz.com,Male,96.252.49.97
657,Moise,Gorgl,mgorgli8@biblegateway.com,Male,65.114.4.40
658,Brien,Udey,budeyi9@flickr.com,Male,194.180.184.163
659,Scarface,Driver,sdriveria@businessinsider.com,Male,32.73.119.9
660,Whit,Belt,wbeltib@netvibes.com,Male,203.241.146.83
661,Emmalynn,Menault,emenaultic@newsvine.com,Female,21.126.241.189
662,Wallie,Chessum,wchessumid@sogou.com,Male,93.1.141.213
663,Jereme,Bridel,jbridelie@dyndns.org,Male,48.220.55.221
664,Gasparo,Hansford,ghansfordif@nbcnews.com,Male,178.0.216.159
665,Consolata,Kitchenman,ckitchenmanig@people.com.cn,Female,114.187.216.211
666,Joletta,Darville,jdarvilleih@oracle.com,Female,136.154.92.73
667,Joshuah,Hightown,jhightownii@sbwire.com,Male,246.208.39.66
668,Seward,Emerine,semerineij@chicagotribune.com,Male,245.21.24.87
669,Tully,Meconi,tmeconiik@etsy.com,Male,211.85.215.70
670,Norean,Cecchetelli,ncecchetelliil@baidu.com,Female,193.10.206.162
671,Hoyt,Sprakes,hsprakesim@google.ru,Male,165.196.57.67
672,Marys,Wasson,mwassonin@statcounter.com,Female,36.82.126.83
673,Maitilde,Yellowlee,myellowleeio@marketwatch.com,Female,119.38.123.140
674,Elton,Auguste,eaugusteip@themeforest.net,Male,112.202.137.208
675,Nigel,Kinneally,nkinneallyiq@cornell.edu,Male,4.206.2.254
676,Neall,Sheward,nshewardir@sciencedirect.com,Male,138.97.75.97
677,Gustaf,Whyberd,gwhyberdis@nytimes.com,Genderfluid,32.191.63.158
678,Hamnet,Coverly,hcoverlyit@bbb.org,Male,5.130.239.142
679,Lindsay,Mangeot,lmangeotiu@photobucket.com,Male,14.237.13.228
680,Alric,Cawood,acawoodiv@springer.com,Male,55.160.32.189
681,Gale,Patron,gpatroniw@harvard.edu,Male,222.136.166.244
682,Marcus,Philimore,mphilimoreix@fotki.com,Male,181.181.3.65
683,Joey,Nattriss,jnattrissiy@cornell.edu,Male,100.86.76.49
684,Domeniga,Pounder,dpounderiz@statcounter.com,Female,36.138.30.132
685,Bradan,Koenen,bkoenenj0@simplemachines.org,Male,233.168.87.120
686,Fidole,Weatherby,fweatherbyj1@go.com,Male,124.94.224.116
687,Galven,Fearnside,gfearnsidej2@xing.com,Male,58.120.56.83
688,Adelbert,Dictus,adictusj3@symantec.com,Male,238.163.37.176
689,Grant,Avrashin,gavrashinj4@gov.uk,Male,218.68.124.252
690,Reinold,Dumbrill,rdumbrillj5@jugem.jp,Male,119.46.42.199
691,Roderick,Troy,rtroyj6@nps.gov,Male,16.22.165.160
692,Jackie,McAviy,jmcaviyj7@1und1.de,Agender,230.86.165.213
693,Erma,Diplock,ediplockj8@state.gov,Female,17.103.143.132
694,Lauren,Crimpe,lcrimpej9@go.com,Female,224.81.101.56
695,Inglis,Sueter,isueterja@ox.ac.uk,Male,215.21.63.112
696,Suzanna,Ruzek,sruzekjb@artisteer.com,Female,152.105.48.169
697,Leupold,Cattle,lcattlejc@miitbeian.gov.cn,Male,96.224.22.67
698,Mervin,Persey,mperseyjd@free.fr,Male,103.191.189.124
699,Miguel,Brassill,mbrassillje@vinaora.com,Male,254.21.254.144
700,Jard,Baseley,jbaseleyjf@hubpages.com,Male,10.241.68.189
701,Maryjo,Lytell,mlytelljg@behance.net,Female,136.154.207.29
702,Avrom,Hinrichs,ahinrichsjh@naver.com,Bigender,46.37.14.171
703,Had,Lightbody,hlightbodyji@furl.net,Male,180.233.133.21
704,Angelica,Giffon,agiffonjj@mozilla.org,Female,234.237.218.128
705,Shem,Cerie,sceriejk@amazon.co.uk,Male,15.8.51.149
706,Hermon,Mc Gee,hmcgeejl@archive.org,Male,216.90.169.68
707,Marinna,Queripel,mqueripeljm@histats.com,Female,251.8.133.121
708,Simone,Rushbury,srushburyjn@weibo.com,Female,183.206.208.217
709,Vivyan,Bartlett,vbartlettjo@storify.com,Female,38.54.131.228
710,Cello,Theaker,ctheakerjp@webnode.com,Male,182.96.138.180
711,Frieda,Clemow,fclemowjq@diigo.com,Female,22.125.109.75
712,Heidi,Greener,hgreenerjr@ocn.ne.jp,Female,182.228.54.203
713,Amber,Luckman,aluckmanjs@sogou.com,Female,142.14.166.100
714,Skipp,Stidston,sstidstonjt@businessweek.com,Male,56.67.155.59
715,Carolynn,Henmarsh,chenmarshju@bloglines.com,Female,143.195.77.240
716,Corbett,Ricciardello,cricciardellojv@dyndns.org,Non-binary,165.240.17.157
717,Joan,Napper,jnapperjw@admin.ch,Female,129.44.231.169
718,Ardelle,Bent,abentjx@twitter.com,Female,31.193.199.63
719,Heinrick,Durnall,hdurnalljy@github.com,Agender,47.187.234.119
720,Isac,Krauze,ikrauzejz@livejournal.com,Male,102.134.33.142
721,Chet,Steptowe,csteptowek0@squidoo.com,Male,12.97.181.211
722,Emmy,Curado,ecuradok1@msu.edu,Male,190.194.210.68
723,Richard,Lezemore,rlezemorek2@ucla.edu,Male,33.47.10.227
724,Star,Huckster,shucksterk3@toplist.cz,Female,11.218.125.163
725,Theda,Gillogley,tgillogleyk4@dagondesign.com,Female,159.243.225.29
726,Sashenka,Cuzen,scuzenk5@about.com,Female,82.64.34.193
727,Ethelin,Peyntue,epeyntuek6@omniture.com,Female,86.198.98.32
728,Frederic,Hanvey,fhanveyk7@meetup.com,Male,14.99.244.131
729,Rusty,Fellgett,rfellgettk8@histats.com,Male,54.22.102.182
730,Ruddy,Keuneke,rkeunekek9@yellowbook.com,Male,21.182.223.38
731,Katerine,Killerby,kkillerbyka@barnesandnoble.com,Agender,44.40.0.94
732,Edie,Shenton,eshentonkb@un.org,Female,250.99.202.194
733,Collete,Scoggins,cscogginskc@telegraph.co.uk,Female,142.82.149.144
734,Shina,Goodin,sgoodinkd@networksolutions.com,Female,179.179.19.38
735,Ninetta,Trousdale,ntrousdaleke@delicious.com,Female,102.88.18.171
736,Chauncey,Prettyman,cprettymankf@ebay.com,Male,86.143.209.113
737,Kaja,Zelland,kzellandkg@discovery.com,Female,164.101.142.149
738,Sylvan,Nolton,snoltonkh@51.la,Male,79.158.7.114
739,Ewell,Oneil,eoneilki@omniture.com,Male,164.211.239.127
740,Budd,Pavluk,bpavlukkj@cnn.com,Male,36.87.244.70
741,Hubie,Boldra,hboldrakk@g.co,Male,22.150.248.173
742,Keven,Canon,kcanonkl@wsj.com,Polygender,247.8.84.135
743,Myer,Greaves,mgreaveskm@parallels.com,Male,241.218.239.231
744,Nanette,Krzyzaniak,nkrzyzaniakkn@wikispaces.com,Female,200.213.187.64
745,Selig,Eastman,seastmanko@sfgate.com,Male,39.120.155.221
746,Ryun,Cottam,rcottamkp@slashdot.org,Male,75.68.219.213
747,Ola,Wasielewski,owasielewskikq@freewebs.com,Female,107.131.148.118
748,Wain,Buie,wbuiekr@spotify.com,Male,127.80.24.228
749,Bordy,Delgardo,bdelgardoks@utexas.edu,Male,194.8.36.206
750,Dion,Vel,dvelkt@sbwire.com,Male,241.107.44.216
751,Edeline,Fairburne,efairburneku@arstechnica.com,Female,174.237.82.122
752,Patten,Fluger,pflugerkv@sbwire.com,Male,113.4.157.90
753,Godwin,Dorkin,gdorkinkw@google.it,Male,231.184.146.39
754,Helenelizabeth,Sperling,hsperlingkx@google.de,Female,192.45.45.250
755,Udell,Bernaldo,ubernaldoky@businessweek.com,Male,97.195.21.28
756,Abbie,Given,agivenkz@china.com.cn,Male,118.245.175.226
757,Carmelle,Ashe,cashel0@yelp.com,Female,155.202.207.13
758,Wait,O'Hartnett,wohartnettl1@xrea.com,Male,93.236.111.116
759,Ring,Crosen,rcrosenl2@dagondesign.com,Male,130.252.145.94
760,Chelsey,Caught,ccaughtl3@unblog.fr,Female,45.175.53.79
761,Nola,Myhan,nmyhanl4@addtoany.com,Female,123.218.236.239
762,Serena,Brasier,sbrasierl5@taobao.com,Female,119.113.91.130
763,Grace,Semiraz,gsemirazl6@umn.edu,Male,253.104.8.215
764,Joann,Braddon,jbraddonl7@ucsd.edu,Female,78.24.238.32
765,Roxanna,Kearford,rkearfordl8@nih.gov,Female,128.51.50.118
766,Celine,Racine,cracinel9@omniture.com,Female,242.185.111.192
767,Nerty,McColley,nmccolleyla@linkedin.com,Female,143.75.238.231
768,Sisile,Gartenfeld,sgartenfeldlb@nsw.gov.au,Female,243.40.199.199
769,Esmaria,Cristoforetti,ecristoforettilc@comcast.net,Female,230.114.104.188
770,Harald,Simoneschi,hsimoneschild@sbwire.com,Male,236.241.108.28
771,Libby,Falls,lfallsle@tamu.edu,Female,202.26.238.173
772,Parry,Iacomelli,piacomellilf@yahoo.co.jp,Male,162.159.10.141
773,Stanislaw,Masding,smasdinglg@state.gov,Male,160.79.170.236
774,Crissie,Tremathack,ctremathacklh@businessinsider.com,Female,119.27.189.234
775,Leighton,Chilley,lchilleyli@cocolog-nifty.com,Male,148.149.41.174
776,Stafford,Medford,smedfordlj@sitemeter.com,Male,224.11.106.254
777,Jean,Dowall,jdowalllk@xrea.com,Female,82.159.161.218
778,Adolphus,Branchflower,abranchflowerll@icio.us,Male,18.223.115.143
779,Fanya,Chaffer,fchafferlm@wsj.com,Female,228.99.69.21
780,Wadsworth,Bruineman,wbruinemanln@blogs.com,Male,19.125.233.180
781,Merl,Yanukhin,myanukhinlo@mapquest.com,Female,216.153.118.253
782,Noel,Cursey,ncurseylp@paypal.com,Male,240.122.102.188
783,Dorella,Kubiak,dkubiaklq@dagondesign.com,Female,66.4.35.120
784,Hamlen,Bendixen,hbendixenlr@omniture.com,Male,13.93.80.206
785,Lily,Marchington,lmarchingtonls@gnu.org,Female,232.84.95.137
786,Shepard,Pinkard,spinkardlt@cisco.com,Male,139.68.34.87
787,Fredek,Arnall,farnalllu@altervista.org,Male,247.56.98.181
788,Garrard,Skeemer,gskeemerlv@google.com,Male,31.158.0.172
789,Dulce,Champkin,dchampkinlw@mapquest.com,Female,153.248.118.175
790,Benedetta,McGeachie,bmcgeachielx@google.com.hk,Female,14.40.227.42
791,Avrit,Penwarden,apenwardenly@vk.com,Polygender,155.39.210.8
792,Sancho,Mallabone,smallabonelz@homestead.com,Male,127.124.250.196
793,Juli,Chark,jcharkm0@360.cn,Female,11.186.247.195
794,Berta,Iron,bironm1@vk.com,Female,75.106.37.136
795,Cynthea,Kuschel,ckuschelm2@apache.org,Female,162.189.44.225
796,Anthiathia,Gurr,agurrm3@hhs.gov,Female,18.35.196.17
797,Tersina,Spilstead,tspilsteadm4@icq.com,Female,89.248.133.119
798,Ingrim,Colqueran,icolqueranm5@hibu.com,Male,31.224.175.60
799,Cheston,Spinage,cspinagem6@privacy.gov.au,Male,221.0.35.231
800,Elsey,Gierardi,egierardim7@google.de,Genderfluid,175.237.10.117
801,Kinny,Fright,kfrightm8@npr.org,Male,8.143.169.208
802,Brewer,de Wilde,bdewildem9@elegantthemes.com,Male,74.113.142.219
803,Gilburt,Pask,gpaskma@netscape.com,Male,198.22.149.44
804,Joey,Flament,jflamentmb@example.com,Female,118.236.153.140
805,Ebonee,Northing,enorthingmc@deviantart.com,Female,141.164.10.83
806,Georgiana,Whear,gwhearmd@marketwatch.com,Female,57.147.87.67
807,Erminie,Goymer,egoymerme@bandcamp.com,Genderqueer,58.122.127.77
808,Obie,Aslen,oaslenmf@topsy.com,Male,166.181.176.84
809,Brander,Wolledge,bwolledgemg@omniture.com,Male,223.49.100.169
810,Sanders,Yandell,syandellmh@stanford.edu,Male,118.165.239.26
811,Cher,Shaw,cshawmi@quantcast.com,Genderfluid,175.87.88.240
812,Nalani,Halfhead,nhalfheadmj@shutterfly.com,Female,193.125.10.46
813,Emmalynne,Arons,earonsmk@quantcast.com,Female,235.82.185.131
814,Rowland,Dumbar,rdumbarml@cafepress.com,Male,67.194.173.56
815,Carolann,Engelmann,cengelmannmm@ucla.edu,Female,253.249.147.104
816,Grissel,Swiers,gswiersmn@bloglines.com,Female,232.11.183.47
817,Daren,O'Neil,doneilmo@marketwatch.com,Male,28.20.251.70
818,Thomasa,Hillum,thillummp@springer.com,Female,45.223.145.140
819,Tawnya,Leggen,tleggenmq@pinterest.com,Female,236.18.82.246
820,Lemmy,Endrizzi,lendrizzimr@php.net,Male,19.121.60.135
821,Richmound,Rhodus,rrhodusms@va.gov,Male,68.255.200.174
822,Wandie,Orfeur,worfeurmt@scribd.com,Female,230.41.212.126
823,Carly,Godfroy,cgodfroymu@ebay.co.uk,Male,231.208.210.98
824,Rowan,O'Lagen,rolagenmv@tinypic.com,Male,69.94.211.46
825,Rogerio,Rohan,rrohanmw@cnn.com,Male,178.146.10.21
826,Pamella,Wearden,pweardenmx@cnbc.com,Female,170.32.44.235
827,Kristy,Levee,kleveemy@alibaba.com,Female,176.29.230.196
828,Blinny,Agg,baggmz@twitpic.com,Female,86.28.236.232
829,Kikelia,Martusov,kmartusovn0@printfriendly.com,Female,11.105.58.134
830,Marci,Yeell,myeelln1@engadget.com,Female,250.176.192.193
831,Norrie,Rengger,nrenggern2@businesswire.com,Non-binary,164.225.1.122
832,Felice,Beardwood,fbeardwoodn3@i2i.jp,Female,12.131.92.143
833,Terence,Sigge,tsiggen4@shinystat.com,Male,151.234.25.170
834,Sonni,Cumbers,scumbersn5@purevolume.com,Female,95.66.221.103
835,Gloriana,Dumingos,gdumingosn6@gravatar.com,Female,114.25.147.62
836,Eleonora,Hain,ehainn7@mapy.cz,Female,54.220.95.219
837,Kattie,Beards,kbeardsn8@wired.com,Female,37.27.135.21
838,Almeria,Shellshear,ashellshearn9@ibm.com,Female,52.107.24.61
839,Preston,Szymanek,pszymanekna@prlog.org,Genderfluid,186.191.236.244
840,Vilma,Klemensiewicz,vklemensiewicznb@hexun.com,Female,118.132.145.128
841,Jolie,Barlace,jbarlacenc@geocities.jp,Non-binary,110.55.62.196
842,Kerrie,Ambrosi,kambrosind@youtube.com,Female,194.251.245.165
843,Modesta,Care,mcarene@skyrock.com,Female,1.205.247.240
844,Kimberly,Duggen,kduggennf@earthlink.net,Female,198.212.217.142
845,Leighton,Lorriman,llorrimanng@ebay.co.uk,Male,34.179.20.178
846,Lenci,Lyffe,llyffenh@google.nl,Male,218.122.22.141
847,Sutherland,Kemster,skemsterni@amazon.de,Male,247.104.236.131
848,Darby,Radsdale,dradsdalenj@networksolutions.com,Male,193.241.228.1
849,Burke,Bradtke,bbradtkenk@pbs.org,Male,240.192.5.143
850,Stacee,Twigley,stwigleynl@archive.org,Male,199.56.14.166
851,Banky,Rolls,brollsnm@businesswire.com,Male,155.206.242.179
852,Alikee,Soggee,asoggeenn@ted.com,Female,189.35.117.237
853,Orazio,Samme,osammeno@blog.com,Male,114.25.39.247
854,Burtie,Crowch,bcrowchnp@nasa.gov,Male,239.175.32.110
855,Durante,Edmeades,dedmeadesnq@shop-pro.jp,Male,36.119.85.111
856,Ardyce,Crinson,acrinsonnr@cdc.gov,Female,149.147.246.71
857,Arlee,Lotwich,alotwichns@europa.eu,Female,120.4.248.4
858,Sumner,Sturdgess,ssturdgessnt@friendfeed.com,Male,2.181.68.85
859,Johnath,O'Neary,jonearynu@myspace.com,Female,106.222.113.39
860,Dagny,Scryne,dscrynenv@hugedomains.com,Male,233.174.140.18
861,Jule,Skylett,jskylettnw@sciencedirect.com,Genderqueer,247.142.191.0
862,Dell,Benz,dbenznx@hatena.ne.jp,Female,77.162.116.238
863,Frank,Romi,frominy@altervista.org,Male,251.153.69.203
864,Wendye,Vearncombe,wvearncombenz@economist.com,Female,176.0.197.245
865,Lizzie,Warlow,lwarlowo0@behance.net,Female,214.217.181.129
866,Aviva,Gagan,agagano1@oracle.com,Female,19.124.38.133
867,Elihu,Bleacher,ebleachero2@cpanel.net,Male,134.2.82.180
868,Lyle,Blacklock,lblacklocko3@foxnews.com,Male,57.17.66.21
869,Con,Gibke,cgibkeo4@google.com.au,Female,16.115.251.170
870,Yolane,Foston,yfostono5@theguardian.com,Female,112.129.80.36
871,Urban,Jeakins,ujeakinso6@php.net,Male,45.103.72.200
872,Jedediah,Christescu,jchristescuo7@home.pl,Male,170.227.111.126
873,Nero,Capinetti,ncapinettio8@cornell.edu,Male,135.190.193.124
874,Broddie,Brockbank,bbrockbanko9@whitehouse.gov,Male,55.5.225.231
875,Benny,Abdon,babdonoa@canalblog.com,Female,225.207.97.15
876,Hunt,Silbert,hsilbertob@w3.org,Male,128.88.84.194
877,Xena,Hovee,xhoveeoc@omniture.com,Female,183.134.49.63
878,Jen,Thorley,jthorleyod@liveinternet.ru,Female,247.156.170.167
879,Donia,Hryniewicki,dhryniewickioe@adobe.com,Female,251.214.200.254
880,Yanaton,Graffin,ygraffinof@instagram.com,Male,24.159.248.3
881,Dasya,Sabban,dsabbanog@usda.gov,Female,190.55.27.121
882,Nicol,Kamenar,nkamenaroh@merriam-webster.com,Male,216.96.130.178
883,Pooh,Brickstock,pbrickstockoi@usnews.com,Female,202.88.102.98
884,Jabez,Lawton,jlawtonoj@cbsnews.com,Male,144.11.112.128
885,Onofredo,Marfell,omarfellok@house.gov,Male,203.179.79.14
886,Louella,Felstead,lfelsteadol@google.es,Genderqueer,115.44.220.162
887,Glory,Metzing,gmetzingom@ocn.ne.jp,Female,1.217.67.174
888,Maxwell,Ditts,mdittson@kickstarter.com,Male,77.20.176.44
889,Clare,Ellington,cellingtonoo@geocities.com,Male,238.175.41.173
890,Maurizia,Szimoni,mszimoniop@sun.com,Female,133.238.0.213
891,Corbie,Fryett,cfryettoq@prnewswire.com,Male,114.111.129.201
892,Vinson,Hintzer,vhintzeror@sourceforge.net,Male,240.57.154.240
893,Buddy,Vasyaev,bvasyaevos@devhub.com,Male,10.18.9.105
894,Rafaela,Whitmore,rwhitmoreot@phoca.cz,Female,31.109.10.226
895,Honor,Gaynsford,hgaynsfordou@delicious.com,Female,127.3.195.151
896,Amery,Hully,ahullyov@loc.gov,Male,206.37.255.185
897,Valaria,Wickey,vwickeyow@phpbb.com,Female,37.13.30.113
898,Nadia,Keuning,nkeuningox@canalblog.com,Female,11.45.88.123
899,Michaella,Shippam,mshippamoy@illinois.edu,Female,165.98.147.114
900,Cindy,Ewell,cewelloz@indiatimes.com,Female,223.195.175.103
901,Joshuah,Aspall,jaspallp0@elegantthemes.com,Male,171.166.122.160
902,Gale,Kynan,gkynanp1@gnu.org,Male,38.90.43.184
903,Federico,McDermott-Row,fmcdermottrowp2@cdc.gov,Male,70.232.182.76
904,Zedekiah,Paulley,zpaulleyp3@marketwatch.com,Male,182.105.215.187
905,Ryon,Tolussi,rtolussip4@bloomberg.com,Male,223.93.164.140
906,Sophey,Thoms,sthomsp5@apple.com,Non-binary,125.177.75.129
907,Vail,Viall,vviallp6@theglobeandmail.com,Genderfluid,226.222.151.72
908,Teena,Semark,tsemarkp7@qq.com,Genderqueer,132.205.223.147
909,Ricki,Terbeck,rterbeckp8@nba.com,Male,117.162.181.93
910,Arel,Raffin,araffinp9@tinypic.com,Male,35.233.138.161
911,Petronille,Dutt,pduttpa@nba.com,Female,35.210.8.147
912,Alard,Milmith,amilmithpb@mail.ru,Bigender,216.158.33.38
913,Janean,Aleksahkin,jaleksahkinpc@tripod.com,Female,219.136.100.181
914,Barthel,Dinjes,bdinjespd@addtoany.com,Agender,237.65.250.122
915,Courtnay,Buer,cbuerpe@reverbnation.com,Male,118.134.66.42
916,Romola,Oxbe,roxbepf@census.gov,Genderqueer,251.187.40.235
917,Dame,Humber,dhumberpg@ft.com,Male,232.122.210.192
918,Barbi,Karlsen,bkarlsenph@bbb.org,Female,69.89.153.193
919,Tallia,Imm,timmpi@noaa.gov,Female,178.121.50.226
920,Whitney,Witcomb,wwitcombpj@adobe.com,Male,17.61.86.4
921,Meryl,Seger,msegerpk@smugmug.com,Genderfluid,181.214.58.90
922,Trina,Heppenspall,theppenspallpl@diigo.com,Female,25.129.66.75
923,Wyatt,Duns,wdunspm@e-recht24.de,Male,242.120.89.220
924,Rolf,Fortin,rfortinpn@hibu.com,Agender,178.229.48.112
925,Spence,Skill,sskillpo@mit.edu,Male,192.181.148.235
926,Ali,Goldson,agoldsonpp@tuttocitta.it,Male,221.140.178.197
927,Cindy,Twigger,ctwiggerpq@usa.gov,Female,32.250.215.214
928,Fanny,Howels,fhowelspr@google.cn,Female,70.180.129.94
929,Neda,Legerton,nlegertonps@ucla.edu,Female,112.22.12.17
930,Guntar,Fishley,gfishleypt@ox.ac.uk,Male,6.153.32.239
931,Isahella,Masser,imasserpu@theglobeandmail.com,Female,176.18.123.243
932,Cameron,Carolan,ccarolanpv@opera.com,Male,82.118.215.46
933,Rosemary,Mosey,rmoseypw@multiply.com,Female,226.58.12.231
934,Pavlov,Buttwell,pbuttwellpx@usnews.com,Male,16.71.238.216
935,Benedick,Kellock,bkellockpy@discuz.net,Male,242.56.96.182
936,Dulcine,Furney,dfurneypz@pbs.org,Female,170.209.174.245
937,Sibby,Meltetal,smeltetalq0@boston.com,Female,255.190.196.10
938,Tan,MacAiline,tmacailineq1@illinois.edu,Male,21.67.198.222
939,Malcolm,Argo,margoq2@geocities.com,Male,63.222.76.24
940,Noelani,Behling,nbehlingq3@yolasite.com,Genderfluid,128.138.81.98
941,Andreana,Beamish,abeamishq4@independent.co.uk,Female,148.135.150.156
942,Romy,Everall,reverallq5@comcast.net,Female,30.23.66.46
943,Noe,Salerno,nsalernoq6@wix.com,Male,65.225.33.86
944,Cody,Mesant,cmesantq7@intel.com,Male,224.31.65.24
945,Domenico,O'Growgane,dogrowganeq8@usnews.com,Male,251.71.69.179
946,Kesley,Macon,kmaconq9@reverbnation.com,Non-binary,124.189.20.194
947,Dudley,Trengove,dtrengoveqa@tripadvisor.com,Male,239.112.37.12
948,Cherilynn,Magister,cmagisterqb@geocities.jp,Female,224.106.1.217
949,Lambert,MacNeilage,lmacneilageqc@blogspot.com,Male,46.247.12.118
950,Yalonda,Bridgeman,ybridgemanqd@digg.com,Genderfluid,88.221.226.36
951,Hildagarde,Sisey,hsiseyqe@gravatar.com,Female,234.6.119.173
952,Alley,Shieber,ashieberqf@msn.com,Male,16.224.7.1
953,Chevy,Bencher,cbencherqg@amazonaws.com,Male,218.44.108.33
954,Normand,Feldfisher,nfeldfisherqh@twitpic.com,Male,17.207.13.191
955,Donalt,Sans,dsansqi@hibu.com,Male,69.111.208.241
956,Gilda,Greet,ggreetqj@amazon.de,Female,85.29.20.164
957,Krispin,Devinn,kdevinnqk@illinois.edu,Male,91.12.219.44
958,Leroi,Rosenberg,lrosenbergql@woothemes.com,Male,235.39.15.68
959,Malvin,Ronca,mroncaqm@theatlantic.com,Male,214.76.74.166
960,Bibby,Kenworthey,bkenwortheyqn@nyu.edu,Female,29.118.118.107
961,Charlot,Batter,cbatterqo@seattletimes.com,Female,2.179.75.23
962,Colan,Jobbins,cjobbinsqp@joomla.org,Male,82.54.199.223
963,Petronella,Castagne,pcastagneqq@reverbnation.com,Female,68.215.3.4
964,Fanny,Forkan,fforkanqr@booking.com,Female,39.50.76.56
965,Enrico,Asser,easserqs@google.com,Male,20.143.81.55
966,Eberto,Danick,edanickqt@hibu.com,Male,159.24.247.94
967,Hortense,Hurlin,hhurlinqu@china.com.cn,Female,28.252.221.99
968,Juli,Coppock.,jcoppockqv@sogou.com,Female,140.37.64.139
969,Norrie,Jutson,njutsonqw@arizona.edu,Male,249.32.54.46
970,Pavel,Tyce,ptyceqx@weebly.com,Male,128.200.235.8
971,Monique,Shergill,mshergillqy@chron.com,Polygender,129.186.231.190
972,Corabella,O'Reilly,coreillyqz@rediff.com,Female,149.46.177.239
973,Linnie,Arger,largerr0@blinklist.com,Female,45.146.87.209
974,Thatch,Rubens,trubensr1@toplist.cz,Male,177.150.41.76
975,Leesa,Brevetor,lbrevetorr2@feedburner.com,Female,197.9.102.5
976,Trenna,Kimbling,tkimblingr3@pbs.org,Female,225.236.47.246
977,Katinka,Keuneke,kkeuneker4@cbsnews.com,Female,33.31.132.76
978,Sherwood,Caffery,scafferyr5@dropbox.com,Male,180.4.156.82
979,Waylen,Fishley,wfishleyr6@xrea.com,Male,243.241.87.82
980,Elane,Kenion,ekenionr7@amazon.co.uk,Female,145.10.66.247
981,Annecorinne,Coom,acoomr8@cloudflare.com,Female,47.119.111.109
982,Corbett,Philippart,cphilippartr9@g.co,Male,217.164.89.172
983,Cassandry,Revel,crevelra@example.com,Female,201.248.50.184
984,Rosalynd,Matyatin,rmatyatinrb@walmart.com,Female,244.136.250.109
985,Lesley,Summerton,lsummertonrc@google.com.br,Male,122.44.88.187
986,Glen,Hovey,ghoveyrd@sfgate.com,Male,38.150.160.132
987,Barrie,Pegler,bpeglerre@biglobe.ne.jp,Male,94.131.147.20
988,Wilhelmine,Foli,wfolirf@mtv.com,Genderqueer,0.10.214.187
989,Dorri,Thacker,dthackerrg@csmonitor.com,Agender,46.128.63.131
990,Gerri,Teague,gteaguerh@ucla.edu,Male,18.154.25.99
991,Quinlan,Armfield,qarmfieldri@google.nl,Male,218.216.63.155
992,Benn,Triggs,btriggsrj@arizona.edu,Non-binary,99.11.53.226
993,Melony,Keilloh,mkeillohrk@mapy.cz,Female,3.44.159.180
994,Gertrud,Fellini,gfellinirl@imageshack.us,Polygender,110.205.182.213
995,Krisha,Mellows,kmellowsrm@aboutads.info,Male,133.167.74.174
996,Bobbi,Rignold,brignoldrn@freewebs.com,Female,25.162.108.54
997,Carlie,Sutor,csutorro@state.tx.us,Male,246.178.64.121
998,Ross,Scothron,rscothronrp@foxnews.com,Male,111.131.175.132
999,Cly,MacGibbon,cmacgibbonrq@cam.ac.uk,Male,201.135.115.109
1000,Falito,Sibbet,fsibbetrr@last.fm,Male,104.58.131.226
